uuid,event_index,event_start_time,event_end_time,raw_message_count_in_event,seq_list,voltage_values,current_values,source_files
D5CAAF0615E18000FC8B3004,0,2026-06-13T13:04:19.525000,2026-06-13T13:04:19.537000,2,43,,2026.0,ddi_relay.log.2026-06-13
D5CAAF0615E18000FC8B3004,1,2026-06-13T13:34:19.557000,2026-06-13T13:34:19.577000,2,44,,0.0;2026.0,ddi_relay.log.2026-06-13
D5CAAF0615E18000FC8B3004,2,2026-06-13T14:04:19.587000,2026-06-13T14:04:19.626000,2,45,,2026.0,ddi_relay.log.2026-06-13
D5CAAF0615E18000FC8B3004,3,2026-06-13T14:34:19.620000,2026-06-13T14:34:19.661000,2,46,,2026.0,ddi_relay.log.2026-06-13
D5CAAF0615E18000FC8B3004,4,2026-06-13T15:04:19.652000,2026-06-13T15:04:19.660000,2,47,,2026.0,ddi_relay.log.2026-06-13
D5CAAF0615E18000FC8B3004,5,2026-06-13T15:34:19.681000,2026-06-13T15:34:19.715000,2,30;48,,2026.0,ddi_relay.log.2026-06-13
D5CAAF0615E18000FC8B3004,6,2026-06-13T16:04:19.713000,2026-06-13T16:04:19.751000,2,31;49,,2026.0,ddi_relay.log.2026-06-13
D5CAAF0615E18000FC8B3004,7,2026-06-13T16:34:19.743000,2026-06-13T16:34:19.753000,2,32;50,,2264.0;2026.0,ddi_relay.log.2026-06-13
D5CAAF0615E18000FC8B3004,8,2026-06-13T17:04:19.774000,2026-06-13T17:04:19.780000,2,33;51,,2026.0,ddi_relay.log.2026-06-13
D5CAAF0615E18000FC8B3004,9,2026-06-13T17:34:19.804000,2026-06-13T17:34:19.819000,2,34;52,,2026.0,ddi_relay.log.2026-06-13
D5CAAF0615E18000FC8B3004,10,2026-06-13T18:04:19.836000,2026-06-13T18:04:19.852000,2,35;53,,2026.0,ddi_relay.log.2026-06-13
D5CAAF0615E18000FC8B3004,11,2026-06-13T19:04:19.900000,2026-06-13T19:04:19.930000,2,37;55,,2026.0,ddi_relay.log.2026-06-13
D5CAAF0615E18000FC8B3004,12,2026-06-13T19:34:19.930000,2026-06-13T19:34:19.960000,2,38;56,,2026.0,ddi_relay.log.2026-06-13
D5CAAF0615E18000FC8B3004,13,2026-06-13T20:04:19.962000,2026-06-13T20:04:19.975000,2,39;57,,2026.0,ddi_relay.log.2026-06-13
D5CAAF0615E18000FC8B3004,14,2026-06-13T20:34:19.994000,2026-06-13T20:34:20.042000,2,58,,0.0;2026.0,ddi_relay.log.2026-06-13
D5CAAF0615E18000FC8B3004,15,2026-06-13T21:34:20.056000,2026-06-13T21:34:20.580000,4,0;60,3.112001220721752,5.0;2026.0;97.0,ddi_relay.log.2026-06-13
D5CAAF0615E18000FC8B3004,16,2026-06-13T22:34:20.119000,2026-06-13T22:34:20.163000,2,62,,2026.0,ddi_relay.log.2026-06-13
D5CAAF0615E18000FC8B3004,17,2026-06-13T23:04:20.151000,2026-06-13T23:04:20.154000,2,63,,2026.0,ddi_relay.log.2026-06-13
D5CAAF0615E18000FC8B3004,18,2026-06-13T23:34:20.183000,2026-06-13T23:34:20.212000,2,40;64,,2026.0,ddi_relay.log.2026-06-13
D5CAAF0615E18000FC8B3004,19,2026-06-14T00:04:20.215000,2026-06-14T00:04:20.219000,2,41;65,,2026.0,ddi_relay.log.2026-06-13
D5CAAF0615E18000FC8B3004,20,2026-06-14T00:34:21.800000,2026-06-14T00:34:22.199000,4,42;66,,2026.0;2026.0,ddi_relay.log.2026-06-13
D5CAAF0615E18000FC8B3004,21,2026-06-14T01:04:20.277000,2026-06-14T01:04:21.013000,4,43;67,,2026.0;2026.0,ddi_relay.log.2026-06-13
D5CAAF0615E18000FC8B3004,22,2026-06-14T01:34:20.309000,2026-06-14T01:34:20.313000,2,44;68,,2026.0,ddi_relay.log.2026-06-13
D5CAAF0615E18000FC8B3004,23,2026-06-14T02:04:20.342000,2026-06-14T02:04:20.358000,2,45;69,,4.0;2026.0,ddi_relay.log.2026-06-13
D5CAAF0615E18000FC8B3004,24,2026-06-14T02:34:20.374000,2026-06-14T02:34:20.898000,4,0;46;70,3.112001220721752,3.0;2026.0;97.0,ddi_relay.log.2026-06-13
D5CAAF0615E18000FC8B3004,25,2026-06-14T03:04:20.403000,2026-06-14T03:04:20.416000,2,47;71,,2026.0,ddi_relay.log.2026-06-13
D5CAAF0615E18000FC8B3004,26,2026-06-14T03:34:20.432000,2026-06-14T03:34:20.458000,2,48;72,,989.0;2026.0,ddi_relay.log.2026-06-13
D5CAAF0615E18000FC8B3004,27,2026-06-14T04:04:20.479000,2026-06-14T04:04:20.479000,1,,,,ddi_relay.log.2026-06-13
D5CAAF0615E18000FC8B3004,28,2026-06-14T04:34:20.495000,2026-06-14T04:34:21.342000,4,74,,0.0;2026.0;0.0;2026.0,ddi_relay.log.2026-06-13
D5CAAF0615E18000FC8B3004,29,2026-06-14T05:04:20.528000,2026-06-14T05:04:20.552000,2,75,,27.0;2026.0,ddi_relay.log.2026-06-13
D5CAAF0615E18000FC8B3004,30,2026-06-14T05:34:20.559000,2026-06-14T05:34:20.565000,2,76,,2026.0,ddi_relay.log.2026-06-13
D5CAAF0615E18000FC8B3004,31,2026-06-14T06:04:20.590000,2026-06-14T06:04:20.601000,2,77,,2026.0,ddi_relay.log.2026-06-13
D5CAAF0615E18000FC8B3004,32,2026-06-14T06:34:20.621000,2026-06-14T06:34:20.659000,2,78,,8005.0;2026.0,ddi_relay.log.2026-06-13
D5CAAF0615E18000FC8B3004,33,2026-06-14T07:04:20.653000,2026-06-14T07:04:20.697000,2,79,,5.0;2026.0,ddi_relay.log.2026-06-13
D5CAAF0615E18000FC8B3004,34,2026-06-14T07:34:20.685000,2026-06-14T07:34:21.234000,4,0;50;80,3.110078583962768,2026.0;97.0,ddi_relay.log.2026-06-13
D5CAAF0615E18000FC8B3004,35,2026-06-14T08:04:20.717000,2026-06-14T08:04:20.734000,2,51;81,,2026.0,ddi_relay.log.2026-06-13
D5CAAF0615E18000FC8B3004,36,2026-06-14T09:04:20.779000,2026-06-14T09:04:20.796000,2,53;83,,2026.0,ddi_relay.log.2026-06-13
D5CAAF0615E18000FC8B3004,37,2026-06-14T09:34:20.810000,2026-06-14T09:34:20.831000,2,54;84,,2026.0,ddi_relay.log.2026-06-13
D5CAAF0615E18000FC8B3004,38,2026-06-14T10:04:20.842000,2026-06-14T10:04:20.867000,2,55;85,,2026.0,ddi_relay.log.2026-06-13
D5CAAF0615E18000FC8B3004,39,2026-06-14T10:34:20.871000,2026-06-14T10:34:21.593000,4,56;86,,2026.0;2026.0,ddi_relay.log.2026-06-13
D5CAAF0615E18000FC8B3004,40,2026-06-14T11:04:20.901000,2026-06-14T11:04:20.942000,2,57;87,,2026.0,ddi_relay.log.2026-06-13
D5CAAF0615E18000FC8B3004,41,2026-06-14T12:04:20.958000,2026-06-14T12:04:20.990000,2,59;89,,9804.0;2026.0,ddi_relay.log.2026-06-13
D5CAAF0615E18000FC8B3004,42,2026-06-14T12:34:20.991000,2026-06-14T12:34:22.485000,8,0;90,3.1062333104448006,0.0;2026.0;97.0;0.0;2026.0;0.0;2026.0,ddi_relay.log.2026-06-13
D5CAAF0615E18000FC8B3004,43,2026-06-14T13:04:21.023000,2026-06-14T13:04:21.048000,2,91,,2026.0,ddi_relay.log.2026-06-14
D5CAAF0615E18000FC8B3004,44,2026-06-14T13:34:21.055000,2026-06-14T13:34:21.091000,2,92,,2026.0,ddi_relay.log.2026-06-14
D5CAAF0615E18000FC8B3004,45,2026-06-14T14:04:21.085000,2026-06-14T14:04:22.628000,8,93,,77.0;2026.0;77.0;2026.0;77.0;2026.0;77.0;2026.0,ddi_relay.log.2026-06-14
D5CAAF0615E18000FC8B3004,46,2026-06-14T14:34:21.117000,2026-06-14T14:34:21.754000,4,94,,5.0;2026.0;5.0;2026.0,ddi_relay.log.2026-06-14
D5CAAF0615E18000FC8B3004,47,2026-06-14T15:04:21.874000,2026-06-14T15:04:22.690000,4,95,,2026.0;2026.0,ddi_relay.log.2026-06-14
D5CAAF0615E18000FC8B3004,48,2026-06-14T15:34:21.178000,2026-06-14T15:34:22.959000,8,60;96,,2026.0;19.0;2026.0;2026.0;2026.0,ddi_relay.log.2026-06-14
D5CAAF0615E18000FC8B3004,49,2026-06-14T16:04:21.212000,2026-06-14T16:04:23.071000,8,61;97,,2026.0;2026.0;2026.0;2026.0,ddi_relay.log.2026-06-14
D5CAAF0615E18000FC8B3004,50,2026-06-14T17:04:21.275000,2026-06-14T17:04:22.612000,6,63;99,,7.0;2026.0;19.0;2026.0;5.0;2026.0,ddi_relay.log.2026-06-14
D5CAAF0615E18000FC8B3004,51,2026-06-14T17:34:21.309000,2026-06-14T17:34:23.222000,6,0;64;100,3.102388036926833;3.102388036926833,78.0;2026.0;97.0;97.0,ddi_relay.log.2026-06-14
D5CAAF0615E18000FC8B3004,52,2026-06-14T18:04:21.340000,2026-06-14T18:04:23.122000,6,65;101,,2026.0;2026.0;2026.0,ddi_relay.log.2026-06-14
D5CAAF0615E18000FC8B3004,53,2026-06-14T18:34:21.371000,2026-06-14T18:34:21.407000,2,66;102,,2026.0,ddi_relay.log.2026-06-14
D5CAAF0615E18000FC8B3004,54,2026-06-14T19:34:21.434000,2026-06-14T19:34:21.481000,2,68;104,,4.0;2026.0,ddi_relay.log.2026-06-14
D5CAAF0615E18000FC8B3004,55,2026-06-14T20:04:21.464000,2026-06-14T20:04:23.270000,6,69;105,,2026.0;2026.0;2026.0,ddi_relay.log.2026-06-14
D5CAAF0615E18000FC8B3004,56,2026-06-14T20:34:21.497000,2026-06-14T20:34:21.528000,2,106,,0.0;2026.0,ddi_relay.log.2026-06-14
D5CAAF0615E18000FC8B3004,57,2026-06-14T21:34:21.558000,2026-06-14T21:34:21.601000,2,108,,2026.0,ddi_relay.log.2026-06-14
D5CAAF0615E18000FC8B3004,58,2026-06-14T22:04:21.588000,2026-06-14T22:04:21.600000,2,109,,2026.0,ddi_relay.log.2026-06-14
D5CAAF0615E18000FC8B3004,59,2026-06-14T22:34:21.619000,2026-06-14T22:34:21.644000,2,110,,2026.0,ddi_relay.log.2026-06-14
D5CAAF0615E18000FC8B3004,60,2026-06-14T23:04:22.391000,2026-06-14T23:04:23.403000,6,111,,2026.0;2026.0;2026.0,ddi_relay.log.2026-06-14
D5CAAF0615E18000FC8B3004,61,2026-06-14T23:34:21.679000,2026-06-14T23:34:21.723000,2,70;112,,2.0;2026.0,ddi_relay.log.2026-06-14
D5CAAF0615E18000FC8B3004,62,2026-06-15T00:04:21.709000,2026-06-15T00:04:21.724000,2,71;113,,5.0;2026.0,ddi_relay.log.2026-06-14
D5CAAF0615E18000FC8B3004,63,2026-06-15T00:34:21.739000,2026-06-15T00:34:21.754000,2,72;114,,5.0;2026.0,ddi_relay.log.2026-06-14
D5CAAF0615E18000FC8B3004,64,2026-06-15T01:34:21.801000,2026-06-15T01:34:21.802000,2,74;116,,2026.0,ddi_relay.log.2026-06-14
D5CAAF0615E18000FC8B3004,65,2026-06-15T02:04:21.835000,2026-06-15T02:04:21.857000,2,75;117,,2026.0,ddi_relay.log.2026-06-14
D5CAAF0615E18000FC8B3004,66,2026-06-15T02:34:21.865000,2026-06-15T02:34:21.888000,2,76;118,,804.0;2026.0,ddi_relay.log.2026-06-14
D5CAAF0615E18000FC8B3004,67,2026-06-15T03:04:21.893000,2026-06-15T03:04:21.893000,1,77,,69005.0,ddi_relay.log.2026-06-14
D5CAAF0615E18000FC8B3004,68,2026-06-15T03:34:21.926000,2026-06-15T03:34:22.429000,3,0;78,3.102388036926833,97.0,ddi_relay.log.2026-06-14
D5CAAF0615E18000FC8B3004,69,2026-06-15T04:04:21.955000,2026-06-15T04:04:21.994000,2,79;121,,2026.0,ddi_relay.log.2026-06-14
D5CAAF0615E18000FC8B3004,70,2026-06-15T04:34:21.985000,2026-06-15T04:34:22.013000,2,122,,0.0;2026.0,ddi_relay.log.2026-06-14
D5CAAF0615E18000FC8B3004,71,2026-06-15T05:04:22.017000,2026-06-15T05:04:22.018000,2,123,,14.0;2026.0,ddi_relay.log.2026-06-14
D5CAAF0615E18000FC8B3004,72,2026-06-15T05:34:22.046000,2026-06-15T05:34:22.073000,2,124,,5.0;2026.0,ddi_relay.log.2026-06-14
D5CAAF0615E18000FC8B3004,73,2026-06-15T06:04:22.074000,2026-06-15T06:04:22.087000,2,125,,2026.0,ddi_relay.log.2026-06-14
D5CAAF0615E18000FC8B3004,74,2026-06-15T06:34:22.105000,2026-06-15T06:34:22.112000,2,126,,2026.0,ddi_relay.log.2026-06-14
D5CAAF0615E18000FC8B3004,75,2026-06-15T07:04:22.132000,2026-06-15T07:04:22.175000,2,127,,2026.0,ddi_relay.log.2026-06-14
D5CAAF0615E18000FC8B3004,76,2026-06-15T07:34:22.163000,2026-06-15T07:34:22.191000,2,80;128,,2026.0,ddi_relay.log.2026-06-14
D5CAAF0615E18000FC8B3004,77,2026-06-15T08:04:22.194000,2026-06-15T08:04:22.238000,2,81;129,,2026.0,ddi_relay.log.2026-06-14
D5CAAF0615E18000FC8B3004,78,2026-06-15T08:34:22.724000,2026-06-15T08:34:22.739000,2,0,3.0984359502555887,97.0,ddi_relay.log.2026-06-14
D5CAAF0615E18000FC8B3004,79,2026-06-15T09:04:22.255000,2026-06-15T09:04:22.296000,2,83;131,,2026.0,ddi_relay.log.2026-06-14
D5CAAF0615E18000FC8B3004,80,2026-06-15T10:04:22.317000,2026-06-15T10:04:22.341000,2,85;133,,2026.0,ddi_relay.log.2026-06-14
D5CAAF0615E18000FC8B3004,81,2026-06-15T10:34:22.347000,2026-06-15T10:34:22.348000,2,86;134,,0.0;2026.0,ddi_relay.log.2026-06-14
D5CAAF0615E18000FC8B3004,82,2026-06-15T11:04:22.375000,2026-06-15T11:04:23.928000,5,87;135,,2026.0;2026.0,ddi_relay.log.2026-06-14
D5CAAF0615E18000FC8B3004,83,2026-06-15T11:34:22.403000,2026-06-15T11:34:24.098000,6,88;136,,2026.0;2026.0;2026.0,ddi_relay.log.2026-06-14
D5CAAF0615E18000FC8B3004,84,2026-06-15T12:04:22.432000,2026-06-15T12:04:23.514000,4,89;137,,2026.0;2026.0,ddi_relay.log.2026-06-14
D5CAAF0615E18000FC8B3004,85,2026-06-15T12:34:22.461000,2026-06-15T12:34:22.474000,2,138,,0.0;2026.0,ddi_relay.log.2026-06-14
D5CAAF0615E18000FC8B3004,86,2026-06-15T13:04:22.490000,2026-06-15T13:04:24.160000,8,139,,2026.0;2026.0;2026.0;2026.0,ddi_relay.log.2026-06-15
D5CAAF0615E18000FC8B3004,87,2026-06-15T13:34:22.518000,2026-06-15T13:34:24.286000,10,0;140,3.0945906767376212,2026.0;97.0;2026.0;2026.0;2026.0,ddi_relay.log.2026-06-15
D5CAAF0615E18000FC8B3004,88,2026-06-15T14:34:22.575000,2026-06-15T14:34:22.612000,2,142,,2026.0,ddi_relay.log.2026-06-15
D5CAAF0615E18000FC8B3004,89,2026-06-15T15:04:22.604000,2026-06-15T15:04:24.534000,6,143,,2026.0;2026.0;2026.0,ddi_relay.log.2026-06-15
D5CAAF0615E18000FC8B3004,90,2026-06-15T16:04:22.663000,2026-06-15T16:04:22.677000,2,91;145,,2026.0,ddi_relay.log.2026-06-15
D5CAAF0615E18000FC8B3004,91,2026-06-15T16:34:22.690000,2026-06-15T16:34:22.714000,2,92;146,,2026.0,ddi_relay.log.2026-06-15
D5CAAF0615E18000FC8B3004,92,2026-06-15T17:04:22.718000,2026-06-15T17:04:22.733000,2,93;147,,6.0;2026.0,ddi_relay.log.2026-06-15
D5CAAF0615E18000FC8B3004,93,2026-06-15T17:34:22.746000,2026-06-15T17:34:22.762000,2,94;148,,2026.0,ddi_relay.log.2026-06-15
D5CAAF0615E18000FC8B3004,94,2026-06-15T18:04:22.775000,2026-06-15T18:04:22.798000,2,95;149,,5.0;2026.0,ddi_relay.log.2026-06-15
D5CAAF0615E18000FC8B3004,95,2026-06-15T18:34:22.804000,2026-06-15T18:34:23.319000,4,0;96;150,3.0907454032196537,4.0;2026.0;1.0;97.0,ddi_relay.log.2026-06-15
D5CAAF0615E18000FC8B3004,96,2026-06-15T19:04:22.828000,2026-06-15T19:04:22.876000,2,97;151,,2026.0,ddi_relay.log.2026-06-15
D5CAAF0615E18000FC8B3004,97,2026-06-15T19:34:22.857000,2026-06-15T19:34:22.881000,2,98;152,,57.0;2026.0,ddi_relay.log.2026-06-15
D5CAAF0615E18000FC8B3004,98,2026-06-15T20:04:22.884000,2026-06-15T20:04:22.901000,2,99;153,,2026.0,ddi_relay.log.2026-06-15
D5CAAF0615E18000FC8B3004,99,2026-06-15T20:34:22.911000,2026-06-15T20:34:22.960000,2,154,,0.0;2026.0,ddi_relay.log.2026-06-15
D5CAAF0615E18000FC8B3004,100,2026-06-15T21:04:22.940000,2026-06-15T21:04:22.949000,2,155,,2026.0,ddi_relay.log.2026-06-15
D5CAAF0615E18000FC8B3004,101,2026-06-15T21:34:22.968000,2026-06-15T21:34:22.973000,2,156,,2026.0,ddi_relay.log.2026-06-15
D5CAAF0615E18000FC8B3004,102,2026-06-15T22:04:22.995000,2026-06-15T22:04:22.999000,2,157,,2026.0,ddi_relay.log.2026-06-15
D5CAAF0615E18000FC8B3004,103,2026-06-15T22:34:23.024000,2026-06-15T22:34:23.026000,2,158,,2026.0,ddi_relay.log.2026-06-15
D5CAAF0615E18000FC8B3004,104,2026-06-15T23:34:23.085000,2026-06-15T23:34:24.945000,4,160,,0.0;2026.0;37.0,ddi_relay.log.2026-06-15
D5CAAF0615E18000FC8B3004,105,2026-06-16T00:04:23.116000,2026-06-16T00:04:25.103000,8,161,,1.0;2026.0;1.0;2026.0;1.0;2026.0;1.0;2026.0,ddi_relay.log.2026-06-15
D5CAAF0615E18000FC8B3004,106,2026-06-16T01:04:23.178000,2026-06-16T01:04:23.206000,2,163,,3.0;2026.0,ddi_relay.log.2026-06-15
D5CAAF0615E18000FC8B3004,107,2026-06-16T02:04:23.240000,2026-06-16T02:04:23.258000,2,165,,5.0;2026.0,ddi_relay.log.2026-06-15
D5CAAF0615E18000FC8B3004,108,2026-06-16T02:34:23.270000,2026-06-16T02:34:23.272000,2,166,,6.0;2026.0,ddi_relay.log.2026-06-15
D5CAAF0615E18000FC8B3004,109,2026-06-16T03:04:23.302000,2026-06-16T03:04:23.324000,2,167,,7.0;2026.0,ddi_relay.log.2026-06-15
D5CAAF0615E18000FC8B3004,110,2026-06-16T03:34:23.330000,2026-06-16T03:34:25.679000,8,168,,8.0;2026.0;8.0;2026.0;8.0;2026.0;8.0;2026.0,ddi_relay.log.2026-06-15
D5CAAF0615E18000FC8B3004,111,2026-06-16T04:04:23.363000,2026-06-16T04:04:25.349000,8,169,,9.0;2026.0;9.0;2026.0;9.0;2026.0;9.0;2026.0,ddi_relay.log.2026-06-15
D5CAAF0615E18000FC8B3004,112,2026-06-16T04:34:23.392000,2026-06-16T04:34:25.312000,10,0;170,3.0907454032196537,0.0;2026.0;97.0;0.0;2026.0;0.0;2026.0;0.0;2026.0,ddi_relay.log.2026-06-15
D5CAAF0615E18000FC8B3004,113,2026-06-16T05:34:23.454000,2026-06-16T05:34:25.265000,6,172,,2804.0;2026.0;2804.0;2026.0;2804.0;2026.0,ddi_relay.log.2026-06-15
D5CAAF0615E18000FC8B3004,114,2026-06-16T06:04:23.485000,2026-06-16T06:04:23.516000,2,173,,2026.0,ddi_relay.log.2026-06-15
D5CAAF0615E18000FC8B3004,115,2026-06-16T06:34:23.516000,2026-06-16T06:34:25.390000,8,174,,2026.0;2026.0;2026.0;2026.0,ddi_relay.log.2026-06-15
D5CAAF0615E18000FC8B3004,116,2026-06-16T08:04:23.607000,2026-06-16T08:04:25.273000,8,177,,2026.0;2026.0;2026.0;2026.0,ddi_relay.log.2026-06-15
D5CAAF0615E18000FC8B3004,117,2026-06-16T08:34:23.638000,2026-06-16T08:34:25.084000,6,178,,2026.0;2026.0;2026.0,ddi_relay.log.2026-06-15
D5CAAF0615E18000FC8B3004,118,2026-06-16T09:04:23.669000,2026-06-16T09:04:23.682000,2,179,,804.0;2026.0,ddi_relay.log.2026-06-15
D5CAAF0615E18000FC8B3004,119,2026-06-16T09:34:23.699000,2026-06-16T09:34:26.178000,10,0;180,3.087006942854963;3.087006942854963;3.087006942854963;3.087006942854963,2026.0;97.0;97.0;97.0;97.0,ddi_relay.log.2026-06-15
D5CAAF0615E18000FC8B3004,120,2026-06-16T10:34:23.761000,2026-06-16T10:34:23.770000,2,182,,2026.0,ddi_relay.log.2026-06-15
D5CAAF0615E18000FC8B3004,121,2026-06-16T11:04:23.792000,2026-06-16T11:04:23.820000,2,183,,2026.0,ddi_relay.log.2026-06-15
D5CAAF0615E18000FC8B3004,122,2026-06-16T11:34:23.826000,2026-06-16T11:34:25.302000,8,184,,2026.0;2026.0;2026.0;2026.0,ddi_relay.log.2026-06-15
D5CAAF0615E18000FC8B3004,123,2026-06-16T12:04:23.856000,2026-06-16T12:04:25.438000,8,185,,2026.0;2026.0;2026.0;2026.0,ddi_relay.log.2026-06-15
D5CAAF0615E18000FC8B3004,124,2026-06-16T12:34:23.885000,2026-06-16T12:34:24.713000,4,186,,0.0;2026.0;0.0;2026.0,ddi_relay.log.2026-06-15
076AAD0615E18000FC8B3004,0,2026-06-13T13:11:16.722000,2026-06-13T13:11:17.961000,4,43,,2026.0;2026.0,ddi_relay.log.2026-06-13
076AAD0615E18000FC8B3004,1,2026-06-13T13:41:16.748000,2026-06-13T13:41:18.234000,6,44,,6005.0;2026.0;6005.0;2026.0;6005.0;2026.0,ddi_relay.log.2026-06-13
076AAD0615E18000FC8B3004,2,2026-06-13T14:11:16.772000,2026-06-13T14:11:18.537000,8,45,,2026.0;2026.0;2026.0;2026.0,ddi_relay.log.2026-06-13
076AAD0615E18000FC8B3004,3,2026-06-13T14:41:16.800000,2026-06-13T14:41:18.759000,8,46,,2026.0;2026.0;2026.0;2026.0,ddi_relay.log.2026-06-13
076AAD0615E18000FC8B3004,4,2026-06-13T15:11:16.827000,2026-06-13T15:11:18.731000,6,47,,2026.0;179.0;2026.0;2026.0,ddi_relay.log.2026-06-13
076AAD0615E18000FC8B3004,5,2026-06-13T15:41:16.851000,2026-06-13T15:41:18.719000,8,30;48,,6.0;2026.0;6.0;2026.0;6.0;2026.0;6.0;2026.0,ddi_relay.log.2026-06-13
076AAD0615E18000FC8B3004,6,2026-06-13T16:11:17.497000,2026-06-13T16:11:18.597000,6,31;49,,2026.0;2026.0;2026.0,ddi_relay.log.2026-06-13
076AAD0615E18000FC8B3004,7,2026-06-13T16:41:17.402000,2026-06-13T16:41:18.812000,5,0;32;50,3.0639353017471582,97.0;2026.0;2.0,ddi_relay.log.2026-06-13
076AAD0615E18000FC8B3004,8,2026-06-13T17:11:16.945000,2026-06-13T17:11:18.409000,7,33;51,,9.0;9897.0;2026.0;2026.0;2026.0,ddi_relay.log.2026-06-13
076AAD0615E18000FC8B3004,9,2026-06-13T17:41:16.953000,2026-06-13T17:41:18.831000,6,34;52,,5004.0;2026.0;5004.0;2026.0;5004.0;2026.0,ddi_relay.log.2026-06-13
076AAD0615E18000FC8B3004,10,2026-06-13T18:11:16.979000,2026-06-13T18:11:18.303000,6,35;53,,2026.0;2026.0;3.0;2026.0,ddi_relay.log.2026-06-13
076AAD0615E18000FC8B3004,11,2026-06-13T19:11:17.031000,2026-06-13T19:11:18.664000,6,37;55,,1.0;2026.0;0.0;2026.0;1.0;2026.0,ddi_relay.log.2026-06-13
076AAD0615E18000FC8B3004,12,2026-06-13T19:41:17.057000,2026-06-13T19:41:18.625000,4,38;56,,2026.0;2026.0,ddi_relay.log.2026-06-13
076AAD0615E18000FC8B3004,13,2026-06-13T20:11:17.082000,2026-06-13T20:11:18.602000,6,39;57,,2026.0;2026.0;2026.0,ddi_relay.log.2026-06-13
076AAD0615E18000FC8B3004,14,2026-06-13T20:41:17.108000,2026-06-13T20:41:17.135000,2,58,,0.0;2026.0,ddi_relay.log.2026-06-13
076AAD0615E18000FC8B3004,15,2026-06-13T21:11:18.092000,2026-06-13T21:11:18.093000,2,59,,2026.0,ddi_relay.log.2026-06-13
076AAD0615E18000FC8B3004,16,2026-06-13T21:41:17.162000,2026-06-13T21:41:19.220000,8,0;60,3.062012664988174;3.062012664988174;3.062012664988174,1804.0;2026.0;97.0;6.0;97.0;97.0,ddi_relay.log.2026-06-13
076AAD0615E18000FC8B3004,17,2026-06-13T22:11:17.187000,2026-06-13T22:11:17.219000,2,61,,2026.0,ddi_relay.log.2026-06-13
076AAD0615E18000FC8B3004,18,2026-06-13T23:11:17.241000,2026-06-13T23:11:17.273000,2,63,,2026.0,ddi_relay.log.2026-06-13
076AAD0615E18000FC8B3004,19,2026-06-13T23:41:18.069000,2026-06-13T23:41:18.847000,4,40;64,,1804.0;2026.0;1804.0;2026.0,ddi_relay.log.2026-06-13
076AAD0615E18000FC8B3004,20,2026-06-14T00:11:17.294000,2026-06-14T00:11:18.805000,6,41;65,,1804.0;2026.0;1804.0;2026.0;1804.0;2026.0,ddi_relay.log.2026-06-13
076AAD0615E18000FC8B3004,21,2026-06-14T01:11:17.347000,2026-06-14T01:11:17.393000,2,43;67,,2026.0,ddi_relay.log.2026-06-13
076AAD0615E18000FC8B3004,22,2026-06-14T01:41:18.170000,2026-06-14T01:41:19.136000,4,44;68,,2026.0;2026.0,ddi_relay.log.2026-06-13
076AAD0615E18000FC8B3004,23,2026-06-14T02:11:17.980000,2026-06-14T02:11:19.015000,4,45;69,,4.0;2026.0;4.0;2026.0,ddi_relay.log.2026-06-13
076AAD0615E18000FC8B3004,24,2026-06-14T02:41:17.428000,2026-06-14T02:41:17.950000,4,0;46;70,3.0600900282291903,4.0;2026.0;97.0,ddi_relay.log.2026-06-13
076AAD0615E18000FC8B3004,25,2026-06-14T03:11:17.451000,2026-06-14T03:11:17.478000,2,47;71,,2026.0,ddi_relay.log.2026-06-13
076AAD0615E18000FC8B3004,26,2026-06-14T03:41:17.474000,2026-06-14T03:41:19.475000,8,48;72,,2026.0;18.0;2026.0;2026.0;2026.0,ddi_relay.log.2026-06-13
076AAD0615E18000FC8B3004,27,2026-06-14T04:11:17.501000,2026-06-14T04:11:17.518000,2,49;73,,2026.0,ddi_relay.log.2026-06-13
076AAD0615E18000FC8B3004,28,2026-06-14T04:41:17.529000,2026-06-14T04:41:17.564000,2,74,,0.0;2026.0,ddi_relay.log.2026-06-13
076AAD0615E18000FC8B3004,29,2026-06-14T05:41:17.582000,2026-06-14T05:41:19.451000,6,76,,9.0;2026.0;9.0;2026.0;9.0;2026.0,ddi_relay.log.2026-06-13
076AAD0615E18000FC8B3004,30,2026-06-14T06:11:17.609000,2026-06-14T06:11:19.029000,5,77,,2026.0;2026.0;0.0,ddi_relay.log.2026-06-13
076AAD0615E18000FC8B3004,31,2026-06-14T06:41:17.636000,2026-06-14T06:41:17.659000,2,78,,2026.0,ddi_relay.log.2026-06-13
076AAD0615E18000FC8B3004,32,2026-06-14T07:11:17.662000,2026-06-14T07:11:19.197000,6,79,,390.0;2026.0;390.0;2026.0;390.0;2026.0,ddi_relay.log.2026-06-13
076AAD0615E18000FC8B3004,33,2026-06-14T07:41:17.690000,2026-06-14T07:41:19.132000,6,0;50;80,3.0563515678644997,2026.0;97.0;2026.0,ddi_relay.log.2026-06-13
076AAD0615E18000FC8B3004,34,2026-06-14T08:11:17.730000,2026-06-14T08:11:17.730000,1,,,,ddi_relay.log.2026-06-13
076AAD0615E18000FC8B3004,35,2026-06-14T08:41:17.740000,2026-06-14T08:41:17.786000,2,52;82,,2026.0,ddi_relay.log.2026-06-13
076AAD0615E18000FC8B3004,36,2026-06-14T09:41:17.791000,2026-06-14T09:41:18.805000,4,54;84,,73.0;2026.0;73.0;2026.0,ddi_relay.log.2026-06-13
076AAD0615E18000FC8B3004,37,2026-06-14T10:11:17.817000,2026-06-14T10:11:17.831000,2,55;85,,2026.0,ddi_relay.log.2026-06-13
076AAD0615E18000FC8B3004,38,2026-06-14T10:41:17.842000,2026-06-14T10:41:17.884000,2,56;86,,27005.0;2026.0,ddi_relay.log.2026-06-13
076AAD0615E18000FC8B3004,39,2026-06-14T11:11:18.938000,2026-06-14T11:11:19.627000,4,57;87,,2026.0;2026.0,ddi_relay.log.2026-06-13
076AAD0615E18000FC8B3004,40,2026-06-14T11:41:17.892000,2026-06-14T11:41:17.912000,2,58;88,,4.0;2026.0,ddi_relay.log.2026-06-13
076AAD0615E18000FC8B3004,41,2026-06-14T12:11:18.658000,2026-06-14T12:11:19.719000,6,59;89,,2026.0;2026.0;2026.0,ddi_relay.log.2026-06-13
076AAD0615E18000FC8B3004,42,2026-06-14T13:41:18.002000,2026-06-14T13:41:18.040000,2,92,,2026.0,ddi_relay.log.2026-06-14
076AAD0615E18000FC8B3004,43,2026-06-14T14:11:18.028000,2026-06-14T14:11:18.030000,2,93,,8.0;2026.0,ddi_relay.log.2026-06-14
076AAD0615E18000FC8B3004,44,2026-06-14T16:11:18.134000,2026-06-14T16:11:20.218000,6,61;97,,3.0;2026.0;3.0;2026.0;3.0;2026.0,ddi_relay.log.2026-06-14
076AAD0615E18000FC8B3004,45,2026-06-14T17:11:18.189000,2026-06-14T17:11:20.106000,8,63;99,,12.0;2026.0;4.0;2026.0;4.0;2026.0;4.0;2026.0,ddi_relay.log.2026-06-14
076AAD0615E18000FC8B3004,46,2026-06-14T17:41:19.146000,2026-06-14T17:41:20.186000,4,64;100,,3.0;2026.0;3.0;2026.0,ddi_relay.log.2026-06-14
076AAD0615E18000FC8B3004,47,2026-06-14T18:11:18.243000,2026-06-14T18:11:19.647000,6,65;101,,2026.0;1.0;2026.0;2026.0,ddi_relay.log.2026-06-14
076AAD0615E18000FC8B3004,48,2026-06-14T18:41:18.289000,2026-06-14T18:41:18.289000,1,,,21.0,ddi_relay.log.2026-06-14
076AAD0615E18000FC8B3004,49,2026-06-14T19:11:18.295000,2026-06-14T19:11:18.302000,2,67;103,,7.0;2026.0,ddi_relay.log.2026-06-14
076AAD0615E18000FC8B3004,50,2026-06-14T19:41:19.010000,2026-06-14T19:41:19.622000,4,68;104,,4.0;2026.0;4.0;2026.0,ddi_relay.log.2026-06-14
076AAD0615E18000FC8B3004,51,2026-06-14T20:11:19.033000,2026-06-14T20:11:19.923000,4,69;105,,1.0;2026.0;1.0;2026.0,ddi_relay.log.2026-06-14
076AAD0615E18000FC8B3004,52,2026-06-14T20:41:18.376000,2026-06-14T20:41:20.285000,8,106,,0.0;2026.0;0.0;2026.0;0.0;2026.0;0.0;2026.0,ddi_relay.log.2026-06-14
076AAD0615E18000FC8B3004,53,2026-06-14T21:11:18.404000,2026-06-14T21:11:19.611000,4,107,,1.0;2026.0;1.0;2026.0,ddi_relay.log.2026-06-14
076AAD0615E18000FC8B3004,54,2026-06-14T21:41:18.428000,2026-06-14T21:41:19.909000,5,108,,704.0;2026.0;704.0;2026.0;9.0,ddi_relay.log.2026-06-14
076AAD0615E18000FC8B3004,55,2026-06-14T22:41:18.480000,2026-06-14T22:41:20.421000,8,0;110,3.0563515678644997,4.0;2026.0;97.0;4.0;2026.0;4.0;2026.0,ddi_relay.log.2026-06-14
076AAD0615E18000FC8B3004,56,2026-06-14T23:11:18.506000,2026-06-14T23:11:20.558000,8,111,,1.0;2026.0;1.0;2026.0;1.0;2026.0;1.0;2026.0,ddi_relay.log.2026-06-14
076AAD0615E18000FC8B3004,57,2026-06-14T23:41:18.532000,2026-06-14T23:41:19.204000,4,70;112,,2026.0;2026.0,ddi_relay.log.2026-06-14
076AAD0615E18000FC8B3004,58,2026-06-15T00:11:18.556000,2026-06-15T00:11:18.556000,1,71,,,ddi_relay.log.2026-06-14
076AAD0615E18000FC8B3004,59,2026-06-15T00:41:18.582000,2026-06-15T00:41:20.325000,8,72;114,,1068.0;2026.0;2026.0;2026.0;2026.0,ddi_relay.log.2026-06-14
076AAD0615E18000FC8B3004,60,2026-06-15T01:11:18.609000,2026-06-15T01:11:20.486000,8,73;115,,2026.0;2026.0;2026.0;2026.0,ddi_relay.log.2026-06-14
076AAD0615E18000FC8B3004,61,2026-06-15T01:41:18.636000,2026-06-15T01:41:20.664000,8,74;116,,2026.0;1.0;2026.0;582.0;2026.0;2026.0,ddi_relay.log.2026-06-14
076AAD0615E18000FC8B3004,62,2026-06-15T02:11:18.662000,2026-06-15T02:11:20.364000,7,75;117,,1.0;2026.0;19.0;2026.0;2026.0;305.0,ddi_relay.log.2026-06-14
076AAD0615E18000FC8B3004,63,2026-06-15T02:41:18.689000,2026-06-15T02:41:18.738000,2,76;118,,2026.0,ddi_relay.log.2026-06-14
076AAD0615E18000FC8B3004,64,2026-06-15T03:11:18.713000,2026-06-15T03:11:20.530000,8,77;119,,2026.0;2026.0;2026.0;2026.0,ddi_relay.log.2026-06-14
076AAD0615E18000FC8B3004,65,2026-06-15T03:41:18.740000,2026-06-15T03:41:20.512000,10,0;78;120,3.0488746471351185,2026.0;97.0;2026.0;2026.0;2026.0,ddi_relay.log.2026-06-14
076AAD0615E18000FC8B3004,66,2026-06-15T04:11:18.766000,2026-06-15T04:11:18.801000,2,79;121,,2026.0,ddi_relay.log.2026-06-14
076AAD0615E18000FC8B3004,67,2026-06-15T04:41:19.409000,2026-06-15T04:41:19.426000,2,122,,0.0;2026.0,ddi_relay.log.2026-06-14
076AAD0615E18000FC8B3004,68,2026-06-15T05:41:18.843000,2026-06-15T05:41:20.690000,8,124,,5005.0;2026.0;5005.0;2026.0;5005.0;2026.0;5005.0;2026.0,ddi_relay.log.2026-06-14
076AAD0615E18000FC8B3004,69,2026-06-15T06:11:18.869000,2026-06-15T06:11:20.576000,6,125,,4.0;2026.0;4.0;2026.0;4.0;2026.0,ddi_relay.log.2026-06-14
076AAD0615E18000FC8B3004,70,2026-06-15T06:41:18.895000,2026-06-15T06:41:20.222000,6,126,,2026.0;2026.0;2026.0,ddi_relay.log.2026-06-14
076AAD0615E18000FC8B3004,71,2026-06-15T07:41:18.945000,2026-06-15T07:41:18.954000,2,80;128,,2026.0,ddi_relay.log.2026-06-14
076AAD0615E18000FC8B3004,72,2026-06-15T08:11:18.971000,2026-06-15T08:11:18.983000,2,81;129,,6.0;2026.0,ddi_relay.log.2026-06-14
076AAD0615E18000FC8B3004,73,2026-06-15T08:41:19.495000,2026-06-15T08:41:20.633000,8,0;82;130,3.0488746471351185,97.0;5.0;2026.0;5.0;2026.0;5.0;2026.0,ddi_relay.log.2026-06-14
076AAD0615E18000FC8B3004,74,2026-06-15T10:11:19.715000,2026-06-15T10:11:20.569000,6,85;133,,2026.0;2026.0;2026.0,ddi_relay.log.2026-06-14
076AAD0615E18000FC8B3004,75,2026-06-15T10:41:19.099000,2026-06-15T10:41:20.872000,8,86;134,,337.0;2026.0;337.0;2026.0;337.0;2026.0;337.0;2026.0,ddi_relay.log.2026-06-14
076AAD0615E18000FC8B3004,76,2026-06-15T11:11:19.124000,2026-06-15T11:11:19.148000,2,87;135,,2026.0,ddi_relay.log.2026-06-14
076AAD0615E18000FC8B3004,77,2026-06-15T13:11:19.226000,2026-06-15T13:11:21.100000,6,139,,2026.0;2026.0;2026.0,ddi_relay.log.2026-06-15
076AAD0615E18000FC8B3004,78,2026-06-15T13:41:19.249000,2026-06-15T13:41:21.932000,10,0;140,3.045136186770428,5.0;2026.0;97.0;5.0;2026.0;5.0;2026.0;5.0;2026.0,ddi_relay.log.2026-06-15
076AAD0615E18000FC8B3004,79,2026-06-15T14:11:19.274000,2026-06-15T14:11:19.308000,2,141,,2026.0,ddi_relay.log.2026-06-15
076AAD0615E18000FC8B3004,80,2026-06-15T15:11:19.328000,2026-06-15T15:11:19.344000,2,143,,70.0;2026.0,ddi_relay.log.2026-06-15
076AAD0615E18000FC8B3004,81,2026-06-15T15:41:19.354000,2026-06-15T15:41:21.380000,8,90;144,,5.0;2026.0;5.0;2026.0;5.0;2026.0;5.0;2026.0,ddi_relay.log.2026-06-15
076AAD0615E18000FC8B3004,82,2026-06-15T16:11:19.379000,2026-06-15T16:11:19.393000,2,91;145,,2026.0,ddi_relay.log.2026-06-15
076AAD0615E18000FC8B3004,83,2026-06-15T18:11:19.478000,2026-06-15T18:11:19.525000,2,95;149,,2026.0,ddi_relay.log.2026-06-15
076AAD0615E18000FC8B3004,84,2026-06-15T18:41:19.502000,2026-06-15T18:41:19.526000,2,96;150,,2026.0,ddi_relay.log.2026-06-15
076AAD0615E18000FC8B3004,85,2026-06-15T21:11:19.625000,2026-06-15T21:11:21.601000,8,155,,2026.0;19.0;2026.0;2026.0;2026.0,ddi_relay.log.2026-06-15
076AAD0615E18000FC8B3004,86,2026-06-15T21:41:19.649000,2026-06-15T21:41:19.659000,2,156,,2026.0,ddi_relay.log.2026-06-15
076AAD0615E18000FC8B3004,87,2026-06-15T22:11:19.673000,2026-06-15T22:11:19.717000,2,157,,2026.0,ddi_relay.log.2026-06-15
076AAD0615E18000FC8B3004,88,2026-06-15T22:41:19.698000,2026-06-15T22:41:21.287000,6,158,,2026.0;8.0;2026.0;2026.0,ddi_relay.log.2026-06-15
076AAD0615E18000FC8B3004,89,2026-06-15T23:11:19.723000,2026-06-15T23:11:21.496000,4,159,,,ddi_relay.log.2026-06-15
076AAD0615E18000FC8B3004,90,2026-06-15T23:41:20.775000,2026-06-15T23:41:21.470000,6,160,,0.0;2026.0;0.0;2026.0;0.0;2026.0,ddi_relay.log.2026-06-15
076AAD0615E18000FC8B3004,91,2026-06-16T00:11:19.775000,2026-06-16T00:11:19.815000,2,161,,1.0;2026.0,ddi_relay.log.2026-06-15
076AAD0615E18000FC8B3004,92,2026-06-16T00:41:19.798000,2026-06-16T00:41:19.821000,2,162,,2.0;2026.0,ddi_relay.log.2026-06-15
076AAD0615E18000FC8B3004,93,2026-06-16T01:11:19.842000,2026-06-16T01:11:19.842000,1,,,300.0,ddi_relay.log.2026-06-15
076AAD0615E18000FC8B3004,94,2026-06-16T01:41:19.849000,2026-06-16T01:41:19.892000,2,164,,4.0;2026.0,ddi_relay.log.2026-06-15
076AAD0615E18000FC8B3004,95,2026-06-16T02:41:19.901000,2026-06-16T02:41:19.904000,2,166,,6.0;2026.0,ddi_relay.log.2026-06-15
076AAD0615E18000FC8B3004,96,2026-06-16T03:11:19.926000,2026-06-16T03:11:19.968000,2,167,,7.0;2026.0,ddi_relay.log.2026-06-15
076AAD0615E18000FC8B3004,97,2026-06-16T03:41:19.953000,2026-06-16T03:41:19.953000,1,168,,8.0,ddi_relay.log.2026-06-15
076AAD0615E18000FC8B3004,98,2026-06-16T04:41:20.006000,2026-06-16T04:41:20.531000,4,0;170,3.0413977264057372,0.0;2026.0;97.0,ddi_relay.log.2026-06-15
076AAD0615E18000FC8B3004,99,2026-06-16T05:11:20.031000,2026-06-16T05:11:20.054000,2,171,,7.0;2026.0,ddi_relay.log.2026-06-15
076AAD0615E18000FC8B3004,100,2026-06-16T05:41:20.060000,2026-06-16T05:41:21.884000,8,172,,804.0;2026.0;804.0;2026.0;804.0;2026.0;804.0;2026.0,ddi_relay.log.2026-06-15
076AAD0615E18000FC8B3004,101,2026-06-16T06:11:20.087000,2026-06-16T06:11:20.088000,2,173,,804.0;2026.0,ddi_relay.log.2026-06-15
076AAD0615E18000FC8B3004,102,2026-06-16T09:11:20.241000,2026-06-16T09:11:20.279000,2,179,,0.0;2026.0,ddi_relay.log.2026-06-15
076AAD0615E18000FC8B3004,103,2026-06-16T10:11:20.294000,2026-06-16T10:11:20.332000,2,181,,2026.0,ddi_relay.log.2026-06-15
076AAD0615E18000FC8B3004,104,2026-06-16T11:41:20.372000,2026-06-16T11:41:20.381000,2,184,,2026.0,ddi_relay.log.2026-06-15
076AAD0615E18000FC8B3004,105,2026-06-16T12:41:20.423000,2026-06-16T12:41:20.430000,2,186,,0.0;2026.0,ddi_relay.log.2026-06-15
